/*
Navicat MySQL Data Transfer

Source Server         : Marco
Source Server Version : 50714
Source Host           : localhost:3306
Source Database       : parttime

Target Server Type    : MYSQL
Target Server Version : 50714
File Encoding         : 65001

Date: 2018-03-26 09:43:42
*/

SET FOREIGN_KEY_CHECKS=0;

-- ----------------------------
-- Table structure for administrator
-- ----------------------------
DROP TABLE IF EXISTS `administrator`;
CREATE TABLE `administrator` (
  `id` int(11) NOT NULL AUTO_INCREMENT,
  `admin` varchar(255) NOT NULL,
  `pass` varchar(255) NOT NULL,
  PRIMARY KEY (`id`)
) ENGINE=MyISAM AUTO_INCREMENT=6 DEFAULT CHARSET=utf8;

-- ----------------------------
-- Records of administrator
-- ----------------------------
INSERT INTO `administrator` VALUES ('1', 'admin', 'admin');
INSERT INTO `administrator` VALUES ('2', 'Marco', '123456');
INSERT INTO `administrator` VALUES ('3', 'xiaoke', '123456');
INSERT INTO `administrator` VALUES ('5', 'dk', '123456');

-- ----------------------------
-- Table structure for applylist
-- ----------------------------
DROP TABLE IF EXISTS `applylist`;
CREATE TABLE `applylist` (
  `id` int(10) unsigned NOT NULL AUTO_INCREMENT,
  `work_id` int(11) NOT NULL COMMENT '兼职id',
  `username_id` int(11) NOT NULL COMMENT '用户id',
  `status` int(11) NOT NULL COMMENT '报名审核状态',
  `applytime` datetime NOT NULL DEFAULT CURRENT_TIMESTAMP ON UPDATE CURRENT_TIMESTAMP COMMENT '报名时间',
  PRIMARY KEY (`id`)
) ENGINE=MyISAM AUTO_INCREMENT=2 DEFAULT CHARSET=utf8;

-- ----------------------------
-- Records of applylist
-- ----------------------------
INSERT INTO `applylist` VALUES ('1', '1', '1', '0', '2018-03-24 18:54:02');

-- ----------------------------
-- Table structure for coursesheet
-- ----------------------------
DROP TABLE IF EXISTS `coursesheet`;
CREATE TABLE `coursesheet` (
  `id` int(10) unsigned NOT NULL AUTO_INCREMENT,
  `videoImg` varchar(255) NOT NULL COMMENT '视频宣传图',
  `videotitle` varchar(255) NOT NULL COMMENT '视频名字',
  `number` int(11) NOT NULL COMMENT '报名人数',
  `price` decimal(10,2) NOT NULL COMMENT '价格',
  `courseIntroduce` varchar(500) CHARACTER SET utf32 DEFAULT NULL COMMENT '课程介绍',
  `courseImg` varchar(255) DEFAULT NULL,
  `couserType` varchar(255) NOT NULL,
  `couseType_id` varchar(255) NOT NULL COMMENT '课程类型',
  `teacher` int(11) NOT NULL COMMENT '讲师id',
  PRIMARY KEY (`id`)
) ENGINE=MyISAM AUTO_INCREMENT=26 DEFAULT CHARSET=utf8;

-- ----------------------------
-- Records of coursesheet
-- ----------------------------
INSERT INTO `coursesheet` VALUES ('1', 'http://img.jianzhimao.com/activity/prize/20170828/33c49e4c7827eff48f928d8749740927.jpg', '我的早起攻略', '99', '1.00', '', 'http://img.jianzhimao.com/activity/prize/20170828/58195c4869c946ffd73ebada28b6bbd1.jpg', '精品课堂', 't1', '1');
INSERT INTO `coursesheet` VALUES ('3', 'http://img.jianzhimao.com/activity/prize/20170710/bf5ed6ba98e6122b6c1bb7780e36c174.png', '四六级翻译', '224', '0.00', '【课程简介】\r\n重点介绍四六级翻译的考查内容和评分标准，并给出实用的考试技巧。\r\n深入剖析汉语与英语的四大差异，词的翻译、句的翻译逐个攻破。\r\n\r\n【讲师介绍】\r\n汤洁，北京大学翻译硕士在读。\r\n雅思8分，听力满分9分。专业英语八级，全国翻译专业资格水平二级（笔译），上海市外语口译证书高级。\r\n曾获2013年全国大学生英语竞赛B类特等奖。拥有多年英语大小班教学经验。曾在万门大学教授过英语类课程，视频观看次数超过80万次。', null, '精品课堂', 't1', '5');
INSERT INTO `coursesheet` VALUES ('2', 'http://img.jianzhimao.com/activity/prize/20180323/e1670d1c62560ccbf800be2e0f13a011.png', '我经历过的各类兼职骗局', '100', '0.00', '', 'http://img.jianzhimao.com/activity/prize/20180323/bc7b5a03faee447f461105e442f92ddb.png', '精品课堂', 't1', '1');
INSERT INTO `coursesheet` VALUES ('4', 'http://img.jianzhimao.com/activity/prize/20180321/7f2726d0c52a0300d97e2cfe62fd887f.jpg', 'Powerpoint 2007从入门到精通', '1333', '0.00', '课程概述\r\n由21互联推出的powerpoint2007综合实例视频教程是建立powerpoint2007从入门到精通基础上，是powerpoint2003从入门到精通延伸和扩充。由葛老师讲为大家讲解powerpoint2007软件在生活工作中的各种实际应用，完全通过实例向学员们展现powerpoint2010的知识点和涉及到实际工作各个领域和行业并且以老师多年的经验来列举各种经典案例，去感受powerpoint2007设计和制作所带来的魅力。', null, '精品课堂', 't1', '6');
INSERT INTO `coursesheet` VALUES ('5', 'http://img.jianzhimao.com/activity/prize/20170227/034b1e9e5bc9b13b64886b8aeabee07a.jpg', '淘宝美工——基本设计技巧', '30000', '0.00', '本系列课程由优就业资深讲师霍岩岩带大家学习淘宝美工的基本设计技巧\r\n\r\n课程包括：\r\nPS软件的使用\r\n抠图\r\n去水印\r\n修复背景\r\n模糊图片变清晰等基本设置\r\n\r\n使大家可以快速学习掌握淘宝美工设计技巧，装点自己的商品及店铺。\r\n\r\n学习目标\r\n使零基础学员可以学会淘宝美工的基本技巧，装点自己的商品及店铺。\r\n\r\n适合人群\r\n零基础小白、无互联网相关经验', null, '精品课堂', 't1', '7');
INSERT INTO `coursesheet` VALUES ('6', 'http://img.jianzhimao.com/activity/prize/20170926/8cf2e574d02662a1cfe225f5ba2be8a7.jpg', '28天健康减肥法', '1109', '11.90', null, 'http://img.jianzhimao.com/activity/prize/20170926/38c0cea9a992023df8b1c5aa80f22a0f.jpg', '畅销好课', 't2', '2');
INSERT INTO `coursesheet` VALUES ('7', 'http://img.jianzhimao.com/activity/prize/20171225/fbb90ec2f16c743e2b188eb01f55a16e.jpg', 'Web前端开发项目实战班', '995', '29.00', 'JS 是属于网络的脚本语言！JS 被数百万计的网页用来改进设计、验证表单、检测浏览器、创建cookies，以及更多的应用。JS 是因特网上最流行的脚本语言。JS 很容易使用！你一定会喜欢它的！', null, '畅销好课', 't2', '8');
INSERT INTO `coursesheet` VALUES ('8', 'http://img.jianzhimao.com/activity/prize/20171123/61846e52732a874ac4029cfabe1c457a.jpg', '30天写出一手好字 ', '2377', '5.90', null, 'http://img.jianzhimao.com/activity/prize/20170814/acecc13cf7be08b294a2f9ad80dcf1fa.jpg', '畅销好课', 't2', '9');
INSERT INTO `coursesheet` VALUES ('9', 'http://img.jianzhimao.com/activity/prize/20170928/0a70b4cbf0aa06e6aa93e4ff98b39614.jpg', '如何通过职业测试发现自己的个性与兴趣 ', '1000', '5.00', '【课程简介】：\r\n\r\n大部分对自己的认知并不是很清楚，包括对什么工作感兴趣？\r\n是喜欢与人沟通的工作，还是研究类型的工作？\r\n是做管理类的工作，还是动手类的工作？自己又是一个什么性格的人？\r\n是个喜欢关注细节的人，还是一个有大局观的人？\r\n是个感性的人，还是一个理性的人？\r\n是个喜欢规矩，有计划的人，还是喜欢随性，随心的人？\r\n\r\n其实，我们可以通过测评来将自己的状况外化出来，而每一个结果又是什么意思了？\r\n\r\n\r\n\r\n\r\n职叔给你讲讲如何看职业测评的结果。\r\n\r\n【讲师简介】：\r\n\r\n宋炜（职叔） |国家认证生涯规划师 新精英广州生涯俱乐部负责人', null, '畅销好课', 't2', '3');
INSERT INTO `coursesheet` VALUES ('10', 'http://img.jianzhimao.com/activity/prize/20170731/5e13ecfb4739167bcc587d52e3049193.jpg', '初探犯罪心理学', '1025', '19.90', '【适合人群】\r\n\r\n你对破案侦查类影视感兴趣？\r\n让犯罪心理学专家告诉你真实的犯罪心理那些事\r\n\r\n你想了解犯罪心理侧写师吗？\r\n初探犯罪心理学，现实案子堪比精彩美剧\r\n \r\n\r\n【课程介绍】\r\n\r\n本次课程请到犯罪心理领域的知乎大牛张蔚Aven，给我们分享犯罪心理侧写那些事！\r\n\r\n什么是犯罪心理？ \r\n\r\n每一件案子的发生，都有其背后的犯罪心理。\r\n 犯罪心理学研究可以让我们在获得犯罪行为信息、目标指向信息、物证信息的基础上对作案人、作案精神状态、行为背景作出分析与判断。\r\n\r\n犯罪心理学是心理学的一个分支，利用罪犯行为描绘其心理特征为侦破、审讯提供帮助。\r\n比如马加爵案中，李玫瑾教授通过行为做现场和心理分析。\r\n\r\n\r\n【讲师介绍】\r\n\r\n张蔚\r\n中国政法大学 犯罪心理学博士；犯罪学与人类学硕士 （英国）；深圳大学 法学学士；\r\n前刑警队 犯罪现场勘察；\r\n知乎-犯罪心理学板块编撰管理者；\r\n\r\n\r\n【课程描述】\r\n本课程内容包括\r\n1、影视中的犯罪分析\r\n2、什么是犯罪心理学\r\n3、犯罪背后原因初探', null, '畅销好课', 't2', '4');
INSERT INTO `coursesheet` VALUES ('11', 'http://img.jianzhimao.com/activity/prize/20170116/fdf9cf9e9bbf4d4b005a42db4233cdfd.jpg', '猫叔-教你选择适合自己的职业', '5555', '0.00', null, 'http://img.jianzhimao.com/activity/prize/20170116/362658319de86e9cf895d3e577d01337.jpg', '职场就业', 't3', '1');
INSERT INTO `coursesheet` VALUES ('12', 'http://img.jianzhimao.com/activity/prize/20170814/b54c35f410d6762557beb12d6cab3a0b.jpg', '如何打造高颜值简历', '1005', '12.00', '给HR留下美好印象\r\n简历是HR见你的第一面。一份高颜值的简历，让每天过好几百份简历的HR眼前一亮！\r\n\r\n一张面试通行证！\r\n一份简洁精美的简历，让HR感受到你的用心！配合丰富且重点突出的简历内容，成为你直通面试的通行证！\r\n\r\n\r\n【讲师介绍】\r\n\r\n小泽\r\n人力资源管理专业，法国商学院国际管理硕士，法国运营orange总部实习经验，从此笃定在人力资源领域越走越远。重点关注互联网领域，现任某互联网公司HR。HR领域相关学习和工作经历让小泽对简历修改、面试辅导有更好的理解。', null, '职场就业', 't3', '5');
INSERT INTO `coursesheet` VALUES ('13', 'http://img.jianzhimao.com/activity/prize/20170321/03b533006026f786f6f9745d14b05d33.png', '不好好学习，长大就和我一样捡破烂', '4532', '0.00', null, 'http://img.jianzhimao.com/activity/prize/20170321/0bfc0b9593b9371fab7515105c48abc3.png', '职场就业', 't3', '1');
INSERT INTO `coursesheet` VALUES ('14', 'http://img.jianzhimao.com/activity/prize/20170307/d9667e5dc09b61d44e78cccefea1c421.jpg', '非一本大学大学毕业生如何成功逆袭BAT', '9999', '0.00', null, 'http://img.jianzhimao.com/activity/prize/20170302/275c69bb41e4e7b52a17264e56dda1be.jpg', '职场就业', 't3', '1');
INSERT INTO `coursesheet` VALUES ('15', 'http://img.jianzhimao.com/activity/prize/20170608/f603fdfaa8aecb50c5aedbeaa0472674.png', '90后大学生最想知道的5个秘密', '7555', '0.00', '90后大学生离开象牙塔，\r\n面对即将迎来的职场新生活往往会找不到自己的角色与位置，无法融入职场，由此常常产生负面情绪，影响个人成长与发展。\r\n\r\n本课程为你揭晓90后大学生最想知道的5个秘密，\r\n了解大学生活如何正确学习与实践，\r\n做好“知识向能力的转化”、“能力向习惯的养成”，\r\n并帮助90后大学生正确的认识自我，理清思路真正过好大学生活，\r\n为进入职场做好充分准备。\r\n\r\n下集更精彩，请勿离开~', null, '职场就业', 't3', '10');
INSERT INTO `coursesheet` VALUES ('16', 'http://img.jianzhimao.com/activity/prize/20170428/345e0523b6a1aa8cc683513c41ef29eb.jpg', '足不出户，也能月入数千', '1111', '5.00', null, 'http://img.jianzhimao.com/activity/prize/20170807/c063725bb628c069524fdbd261aefb86.jpg', '兼职干货', 't4', '1');
INSERT INTO `coursesheet` VALUES ('17', 'http://img.jianzhimao.com/activity/prize/20180313/4b850c3a9f6204734540c5ada5e5a34f.png', '兼职骗局-被放飞机怎么办？', '2037', '0.00', null, 'http://img.jianzhimao.com/activity/prize/20180313/71ae79215c51dcd4b1c772941c7e20d8.png', '兼职干货', 't4', '1');
INSERT INTO `coursesheet` VALUES ('18', 'http://img.jianzhimao.com/activity/prize/20180314/f9d1e922d790ea0783bf0021f1b5e1d9.jpg', '兼职骗局-那些传销培训机构', '1857', '0.00', null, 'http://img.jianzhimao.com/activity/prize/20180314/507268097dd1f6be6658cb67fe07f910.jpg', '兼职干货', 't4', '1');
INSERT INTO `coursesheet` VALUES ('19', 'http://img.jianzhimao.com/activity/prize/20180104/04add4d84565bad4cfa4b32b27b43e7f.png', '用法律武器应对兼职的坑', '2725', '0.00', null, 'http://img.jianzhimao.com/activity/prize/20180104/a897065b2033a2eb0c5fe043e92354f4.png', '兼职干货', 't4', '1');
INSERT INTO `coursesheet` VALUES ('20', 'http://img.jianzhimao.com/activity/prize/20170621/1f32855a55a11162b33f96ab6bdcd571.jpg', '感谢那次兼职被骗经历', '55555', '0.00', null, 'http://img.jianzhimao.com/activity/prize/20170807/70157070d8b785b71ce8aabc83f13429.jpg', '兼职干货', 't4', '1');
INSERT INTO `coursesheet` VALUES ('21', 'http://img.jianzhimao.com/activity/prize/20180320/4a4f56509a269fb726ef10e8fb8073fa.jpg', 'Excel 2003高级使用技巧', '1189', '0.00', '课程概述\r\n在本套21互联推出的Excel2003视频教程中，葛老师讲为大家讲解Excel软件在生活工作中的各种实际应用，并且以老师多年的经验来列举各种疑难案例、经典案例，帮助大家对Excel软件的使用变得更加得心应手。', null, '技能提升', 't5', '6');
INSERT INTO `coursesheet` VALUES ('22', 'http://img.jianzhimao.com/activity/prize/20170906/a0cb2ceb8dc6bf07a93066ad0343268c.jpg', '随时恋英语~轻口语提升课程', '9661', '0.00', '全网最有趣有料的英语兴趣学习精品课，每天20分钟，通过新闻、文化、艺术、娱乐和生活等不同主题提高英语和口语，学习词汇表达，了解异域文化，磨练地道发音，成就完美英语。免费碎片化英语提升，尽在微信公众号-随时随课。', null, '技能提升', 't5', '11');
INSERT INTO `coursesheet` VALUES ('23', 'http://img.jianzhimao.com/activity/prize/20170504/65e82207aaf21ad119cd323b05bf7884.jpg', '写作心理治疗：笔尖下的自我疗愈', '2405', '0.00', '或许你曾经有一个作家梦，\r\n但因种种把她放在潜意识的冰山下。\r\n又或许你每天坚持写日记，用她盛起你一天的心情，\r\n从心到笔尖距离，是心理伤口愈合的速度。', null, '技能提升', 't5', '4');
INSERT INTO `coursesheet` VALUES ('24', 'http://img.jianzhimao.com/activity/prize/20170927/2b1903abf656d5b252603e4327a66b29.png', '经济学原理', '3441', '2.00', '【课程简介】\r\n教材选用曼昆的《经济学原理》，分为《宏观经济学》和《微观经济学》两册，是全世界覆盖面最广的经济学入门教材，阐述经济学十大原理，分析税收对经济活动的影响、政府调控的优劣，垄断的经济意义等一系列经济学概念。\r\n\r\n【讲师简介】\r\n季天鹤，本科就读于北京大学经济学院金融系，硕士就读于ESSEC MBA金融市场方向，曾于法国进出口保险公司，法兴银行利率汇率衍生产品部，法国驻华使馆经济处工作。主要研究方向为宏观金融政策以及固定收益市场。', null, '技能提升', 't5', '5');
INSERT INTO `coursesheet` VALUES ('25', 'http://img.jianzhimao.com/activity/prize/20170802/c65acaa7fb432b2036517ba7d577484f.png', '粤语快速入门', '17677', '0.00', '本课程邀请黄君博老师带来粤语快速入门课程，一边学粤语，一边了解粤语文化！\r\n\r\n语音词汇讲解：纠正你的发音，让你的粤语更标准\r\n情景对话学习：学实用粤语，在生活中提升\r\n文化背景解析：学语言知识！了解一方文化！', null, '技能提升', 't5', '5');

-- ----------------------------
-- Table structure for teachers
-- ----------------------------
DROP TABLE IF EXISTS `teachers`;
CREATE TABLE `teachers` (
  `id` int(11) unsigned NOT NULL AUTO_INCREMENT,
  `teacher` varchar(255) NOT NULL COMMENT '讲师名字',
  `teacherIntroduce` varchar(255) NOT NULL COMMENT '讲师介绍',
  `headImg` varchar(255) NOT NULL COMMENT '讲师头像',
  PRIMARY KEY (`id`)
) ENGINE=MyISAM AUTO_INCREMENT=12 DEFAULT CHARSET=utf8;

-- ----------------------------
-- Records of teachers
-- ----------------------------
INSERT INTO `teachers` VALUES ('1', 'A猫学堂', 'A猫学堂，专注于大学生知识交流与职前培训，致力于打造国内最大的大学生人才培养平台。', 'http://img.jianzhimao.com/activity/prize/20170112/e530ca0d37334ff876d58f426797f36d.jpg?x-oss-process=image/resize,w_100');
INSERT INTO `teachers` VALUES ('2', '皮特课堂', '皮特，医学学士，体育硕士，减肥图书作者，自由攥稿人，专注于通过适合的营养和运动指导，达到健康的减肥目的。', 'http://img.jianzhimao.com/activity/prize/20170811/084cd94b81c44f63dfc2d3727b7ef696.jpg?x-oss-process=image/resize,w_100');
INSERT INTO `teachers` VALUES ('3', '十习', '职业，学而十习之。你的职业练习场，我们陪你一起完成职场从0到1的转变。', 'http://img.jianzhimao.com/activity/prize/20170111/6247e39c553f52b7532c6d1edd67ae46.png?x-oss-process=image/resize,w_100');
INSERT INTO `teachers` VALUES ('4', '瀚思心理学院', '深圳市瀚思心理学院是一家专注于心理学传播、教育、研究、应用的培训学校。其前身是北京大学心理学自学考试广东辅导站。', 'http://img.jianzhimao.com/activity/prize/20170428/31ce12ec9a423348267e5f9cbf82b2cf.jpg?x-oss-process=image/resize,w_100');
INSERT INTO `teachers` VALUES ('5', '万门大学', '万门大学, 中国第一所网络大学, 由童哲校长创办, 创立于2012年, 致力于降低教育的门槛, 力图通过为社会提供高品质视频课程, 让稀缺的教育资源唾手可得, 让高昂的学习成本不再成为学习的门槛。万门\r\n\r\n将秉承着“知识创造乐趣, 你是你的大学”的创立宗旨, 持续推出高质量精品课程, 为教育助力, 让更多人通过万门这个网络教育平台获得更加优质的学习体验。', 'http://img.jianzhimao.com/activity/prize/20170517/e331e535850588e38384d16feb4af7fe.jpg?x-oss-process=image/resize,w_100');
INSERT INTO `teachers` VALUES ('6', '21互联', '21互联远程教育网简称“21互联”建成于2006年，是国内最早以视频形式进行计算机软硬件知识远程培训的平台之一，内容以计算 机软件的使用为主。\r\n自创建以来拥有自主开发的课件资源10000集以上，分为12大类380余门，涵盖了计算机学习各领域的知识，长 期为各大平台网站、杂志、学校提供内容资源。\r\n目前21互联已成为在国内同类网站中规模最大、教程内容最多、影响力最广泛的平台。', 'http://img.jianzhimao.com/activity/prize/20170727/3a48dd3ff6d5ce25770813e5879b4491.jpg?x-oss-process=image/resize,w_100');
INSERT INTO `teachers` VALUES ('7', '中公优就业', '优就业是中公教育IT培训品牌，致力于培养面向电商及互联网领域的高端人才，以学员就业为目的，优质就业为宗旨，是一家集互联网营销师、SEO优化师、SEM竞价师、社会化媒体运营师、电商运营师、互联网产品经理、网页设计师、Web前端工程师、PHP工程师、Android工程师、iOS工程师、Java工程师、C/C++工程师、软件测试工程师等课程为一体的IT培训机构。', 'http://img.jianzhimao.com/activity/prize/20170227/9a664f8d75e6d2d7dafa6126489e8814.png?x-oss-process=image/resize,w_100');
INSERT INTO `teachers` VALUES ('8', '邢帅教育', '广州邢帅教育科技有限公司，简称邢帅教育（原名邢帅网络学院）是由邢帅、郭洪仓创办，始建于2008年底，凭借对市场敏锐的洞察力和9年的不懈努力，邢帅教育已成为目前中国在线教育行业的领航者之一。“知识改变命运，技能改善生活”是邢帅教育的品牌理念。邢帅教育一直专注于发展在线教育，课程内容涵盖了设计创作、IT互联网、职场技能、升学自考、兴趣生活等诸多领域，所含科目26个，', 'http://img.jianzhimao.com/activity/prize/20170422/5b739914e2333447f2967ec9a7c8a67e.png?x-oss-process=image/resize,w_100');
INSERT INTO `teachers` VALUES ('9', '钛网校', '精彩教育，你我之间。钛网校是致力于原创教育课程的新兴教育机构，内容涵盖健身、舞蹈、瑜伽、肚皮舞、书法、绘画、化妆、美甲、盘发编发、粘土、串珠包、编织、训狗、宠物美容、淘宝开店等几十个系列近万小时课程资源。\r\n\r\n  签约数百位业界著名讲师倾情合作，前所未有的授课方式，让你轻松学习，快乐进步。', 'http://img.jianzhimao.com/activity/prize/20170606/dbc020b372f7cc7392a164e2fb3f4870.jpg?x-oss-process=image/resize,w_100');
INSERT INTO `teachers` VALUES ('10', '李根稳', '新生代创始人，新生代研究院院长，大学生双创导师，社会教育学者，《中国新生代》作者，新生代教育科技有限公司董事长，中国新生代联合会主席，大学生梦想架构师，天使投资人，中国讲师500强。', 'http://img.jianzhimao.com/activity/prize/20170331/a0ed392ea8358d28687d689f58c8fe6a.png?x-oss-process=image/resize,w_100');
INSERT INTO `teachers` VALUES ('11', '随时随课', '随时随课，免费碎片化英语学习平台。口语跟读，好友PK，免费学习，外教纠音，每天20分钟不同主题话题式英语课程，尽在微信公众号-随时随课', 'http://img.jianzhimao.com/activity/prize/20170905/43d27bfc6d4bf0d6205fb747b1b5a80c.jpg?x-oss-process=image/resize,w_100');

-- ----------------------------
-- Table structure for uers
-- ----------------------------
DROP TABLE IF EXISTS `uers`;
CREATE TABLE `uers` (
  `id` int(10) unsigned NOT NULL AUTO_INCREMENT,
  `username` varchar(255) NOT NULL COMMENT '用户名',
  `password` varchar(255) NOT NULL,
  `nickname` varchar(255) DEFAULT NULL COMMENT '昵称',
  `sex` varchar(255) DEFAULT NULL COMMENT '性别',
  `age` int(11) DEFAULT NULL COMMENT '年龄',
  `height` double DEFAULT NULL COMMENT '身高',
  `region` varchar(255) DEFAULT NULL COMMENT '地区',
  `eduState` varchar(255) DEFAULT NULL COMMENT '教育状态',
  `email` varchar(255) DEFAULT NULL COMMENT '邮箱',
  `headImg` varchar(255) NOT NULL COMMENT '头像',
  `regtime` datetime NOT NULL DEFAULT CURRENT_TIMESTAMP ON UPDATE CURRENT_TIMESTAMP COMMENT '注册时间',
  PRIMARY KEY (`id`)
) ENGINE=MyISAM AUTO_INCREMENT=2 DEFAULT CHARSET=utf8;

-- ----------------------------
-- Records of uers
-- ----------------------------
INSERT INTO `uers` VALUES ('1', '13413611594', '123456', 'Marco', '男', '18', '175', '广州', '在读', 'matao_1891@163.com', '/temp/default.jpg', '2018-03-24 18:26:35');

-- ----------------------------
-- Table structure for worksheet
-- ----------------------------
DROP TABLE IF EXISTS `worksheet`;
CREATE TABLE `worksheet` (
  `id` int(10) unsigned NOT NULL AUTO_INCREMENT,
  `name` varchar(255) NOT NULL DEFAULT '' COMMENT '兼职名称',
  `region` varchar(255) NOT NULL COMMENT '兼职所在地区',
  `publishtime` datetime NOT NULL DEFAULT CURRENT_TIMESTAMP ON UPDATE CURRENT_TIMESTAMP COMMENT '发布时间',
  `payway` varchar(255) NOT NULL COMMENT '结算方式',
  `salary` decimal(10,2) NOT NULL,
  `salaryunit` varchar(255) DEFAULT NULL COMMENT '工资单位',
  `type` varchar(255) NOT NULL COMMENT '兼职类型',
  `wantNum` int(10) unsigned NOT NULL COMMENT '招聘人数',
  `sex` varchar(255) NOT NULL COMMENT '性别要求',
  `workContent` varchar(500) NOT NULL COMMENT '工作内容',
  `kind` varchar(255) NOT NULL COMMENT '工作种类',
  `worktime` varchar(255) NOT NULL COMMENT '工作时间',
  `organization` varchar(255) NOT NULL COMMENT '发布机构',
  `locate` varchar(255) NOT NULL COMMENT '详细地址',
  `linkman` varchar(255) NOT NULL COMMENT '联系人',
  PRIMARY KEY (`id`)
) ENGINE=MyISAM AUTO_INCREMENT=32 DEFAULT CHARSET=utf8;

-- ----------------------------
-- Records of worksheet
-- ----------------------------
INSERT INTO `worksheet` VALUES ('1', '纯线上兼职-调查问卷', '天河', '2018-03-24 17:34:11', '纯工资结算', '200.00', '天', '其他', '900', '不限', '集思网是一个在线问卷调研平台，需要您通过完成在线商业问卷来赚取奖励。奖励包括支付宝现金和手机充值卡等。完成的问卷越多，可以赚取的奖励越多！\r\n\r\n完成在线问卷，没有时间和地点的限制，您可以在任何地方通过电脑、iPad或者手机登陆集思网账户参与问卷。只要是18以上的用户，均可以通过以下方式参与集思网的问卷兼职。', '短招', '2018-03-17至2018-04-17', '艾斯艾国际市场调查咨询（北京）有限公司', '广东广州天河全国都可以', '何先生');
INSERT INTO `worksheet` VALUES ('2', '广番宜家家居调查访问', '番禺', '2018-03-25 13:42:55', '纯工资结算', '15.00', '小时', '其他', '10', '不限', '广番宜家家居调查访问\r\n【工作日期】4.2-4.8号\r\n【工作待遇】15元一小时   包餐\r\n【工作地点】汉溪长隆宜家家居商城\r\n【工作时间】排班制度最早11:00上班  最晚21:00下班 休息一小时（吃饭时间）\r\n【工作要求】男女即可  有责任心 不内向 \r\n【工作内容】在宜家家居商城，人流较大地方，做宜家内容调查访问\r\n【报名方式】请加微信 非诚勿扰，名额宝贵，没有责任心的也不要报名～\r\n备注 : 一旦被发现工作懒散，中途不见人，直接取消工资发放，不能接受也不要报名！', '短招', '2018-04-02至2018-04-08', '喵星人-广州-10', '广东广州番禺宜家家居', '付经理');
INSERT INTO `worksheet` VALUES ('3', '国际会展中心招聘检票兼职', '海珠', '2018-03-25 13:47:36', '纯工资结算', '160.00', '天', '临时工', '150', '不限', '琶洲2018年家具展补招兼职检票安检维护秩序安全人员150人（包餐包水）\r\n\r\n 工作地点：海珠区阅江中路琶洲国际会展中心 。\r\n\r\n工作时间：早上8:30—晚上17:30， 中间会安排吃饭和轮岗休息时间！\r\n\r\n工作日期: 3月18-3月31号，其中18到21号第一期，28到31号第二期，可任选一期上班，其他为筹展期可上可不上。中途的确有事可请假或找人替班。会提前安排一天过来办理展会入场手续，报名后会有具体通知\r\n\r\n 要求：年满18～40周岁。身高：男：166以上。女：157以上。身体健康无犯罪记录。\r\n\r\n工作轻松打酱油增阅历长见识，免费参观国际大型展会，或维护一下展馆内展会秩序就行。\r\n\r\n薪酬待遇：基本工资110元/天，免费包餐包水（价值25元），\r\n加班按照16.34元/小时，加班三小时就160/天。\r\n\r\n可开具实习证明！欢迎广大的在校学生和社会人士组团报名参加。\r\n\r\n展会招聘，签署劳务合同，免费购买保险。安全有保障。\r\n\r\n统一在猫仔里面报名，录取后会统一有详细通知短信。', '短招', '2018-03-28至2018-03-31', '海珠会展信息招聘中心', '广东广州海珠阅江中路国际会展中心', '招聘主任');
INSERT INTO `worksheet` VALUES ('4', '纽诺育儿市场岗位实习生', '天河', '2018-03-25 13:52:17', '纯工资结算', '200.00', '天', '实习 ', '20', '不限', '招在天河，工作区域天河+萝岗就近安排\r\n\r\n广州纽诺教育科技有限公司  \r\n已完成B轮亿级融资，将成为国内保育行业第一品牌\r\n市场推广实习岗/全职岗（包括市场推广、BD、数据分析等岗位）\r\n以及市场推广兼职岗\r\n\r\n实习岗/全职岗希望你：\r\n1，爱孩子，有童心，愿意在保育行业持续学习与发展；\r\n2，懂数据，做好数据的管控与分析，通过数据来反推验证工作逻辑并做流程优化；\r\n3，能执行，通过已有市场数据支撑、指导、调整、推动市场推广活动的展开，包括展会、商场、社区、合作机构的活动与驻点；\r\n4，重结果，管理好过程指标与产出，结果导向；\r\n5，有想法，思维活跃，擅协调，主导市场推广活动的策划与落地；\r\n6，善沟通，拜访和维护企业端、母婴端、异业端等B端客户，进行资源开发与整合；\r\n7，勤管理，招募、搭建、管理兼职团队，协调工作安排，做好团队建设与激励，统计与核算兼职工资及奖金。', '实习', '每周至少2天', '广州纽诺教育科技有限公司', '广东广州天河广晟大厦1105', 'Steven');
INSERT INTO `worksheet` VALUES ('5', '140一天周末兼职', '荔湾', '2018-03-25 13:54:56', '纯工资结算', '200.00', '天', '客服', '200', '不限', '周末兼职，可以做周末的兼职，每周做两天，一个月上满8天班即可：\r\n中国移动客服外呼（学历不限，兼职全职均招）\r\n\r\n一、职位描述：向中国移动指定客户进行增值业务优惠方案推广通知、客户关怀回访等。\r\n二、任职要求：男女不限，学历不限，16-40岁，普通话标准流利，会听粤语即可。\r\n三、工作安排：免费提供半天的专业岗前培训，并有培训津贴。正式工作工资为140每天+项目提成（每双周四结算一次工资）。不包吃住。八小时工作制，不用上晚班，工作时间9:30-18:30（午休时间为一小时）。\r\n四、工作提升：在岗技能提升、心态管理、服务营销技巧、晋升管理等培训，提供交流学习及晋升机会。\r\n五、工作地址：广州市荔湾区人民中路555号（地铁站西门口A出口附近）\r\n报名方式：发姓名+电话+移动兼职到我微信，收到回复即为报名成功！', '长招', '每周至少2天', '广州市团海人力资源有限公司 ', '广东广州荔湾人民中路555号', '张小姐');
INSERT INTO `worksheet` VALUES ('6', '琶洲最大展兼职可以开实习', '海珠', '2018-03-25 13:57:50', '纯工资结算', '16.00', '小时', '调研', '1', '不限', '工作非常简单就维持下秩序，走走看看提醒各大参展商手机别乱放，早上8点30到下午5点30，包餐包水。110每天。另外可以早上8点30到晚上8点30。包2餐2水，160每天，可选择加班与不加班。要求男165以上，女157以上。要满18岁，没有犯罪记录，需要提前一次来琶洲附近办理入职具体报名后在通知。工作地址琶洲国际会展中心。报名加吴经理微信。报名都能录取。家具展会展兼职，大量要人。工作时间第一期3月20号到21号，第二期28到31号，中间可上可不上，也可以上20号到30号，有事可以请假，至少做第一期的某一天，也可以多上几天班。', '短招', '2018-03-28至2018-03-31', '广州城城企业管理有限公司', '广东广州海珠琶洲', '吴经理');
INSERT INTO `worksheet` VALUES ('7', '急招道路信息采集跟车员', '天河', '2018-03-25 14:00:42', '纯工资结算', '120.00', '天', '调研', '2', '男', '一、工作内容：\r\n\r\n1、远程培训熟悉拍摄设备，并掌握拍摄要求；\r\n2、每天跟车拍摄并记录道路信息，预计15天左右的工作量。\r\n3、跟司机规划每天的行车路线，妥善保管好硬盘和拍摄设备。\r\n\r\n二、要求：\r\n\r\n1、踏实认真，细心能吃苦；\r\n2、时间充裕，清明期间可适当请假，其他时间尽量不能请假；\r\n3、每天需要按质按量完成工作，及时汇报工作进展和遇到的问题；\r\n4、熟悉视频拍摄和学校临近地铁站者优先。\r\n\r\n三、其他：\r\n\r\n1、午餐自理；\r\n2、薪酬在全部工作完成后统一结算。', '中期', '2018-03-28至2018-04-21', '闪电推', '广东广州天河', '刘生');
INSERT INTO `worksheet` VALUES ('8', '轻松简单兼职轻松简单兼职', '番禺', '2018-03-25 14:02:38', '纯工资结算', '17.00', '小时', '送餐员', '6', '不限', ' 大学城招聘送餐兼职\r\n工作时间11点-13点  下午17点-19点\r\n工资：15元一小时+话补+提成+优质工作餐+班次奖\r\n工资日结\r\n工作内容：只需要负责在学校固定地方接餐，接到餐后然后送到每栋宿舍楼下打电话通知顾客立刻，轻松简单\r\n送餐工具由本店提供。\r\n长期招聘，我们这寒暑假都可以做，只要你想做每天都可以给你安排工作，也可以在这两个时间段选一个时间上班都可以。\r\n有兴趣的可加微信了解：', '短招', '2018-03-06至2018-09-01', '膳将', '广东广州番禺云程大街', '周先生');
INSERT INTO `worksheet` VALUES ('9', '肯德基外送员', '白云', '2018-03-25 14:04:25', '纯提成结算', '10.00', '单', '送餐员', '10', '男', '肯德基机场路欢迎你的加入！\r\n请各位应聘者看清楚说明喔！\r\n「交通便利，中医学院公交站 」\r\n招聘岗位：外送员\r\n工作内容：\r\n外送员：负责准点将餐点送达顾客手中，提升顾客满意。\r\n工作时间：7:00—24:00内，可灵活安排\r\n工作要求：\r\n1，年满18岁，具有吃苦耐劳精神，服务精神\r\n2，全职每周提供5～6天上班时间\r\n      兼职每周提供至少3～4天的上班时间，寒暑假可留在餐厅工作，至少半年以上的工作时间\r\n3，有团队合作能力和责任心\r\n招募对象：主要是勤工俭学的同学，真正想靠自己努力改变自己生活的人，以及需要长期兼职的朋友\r\n福利待遇：\r\n1，提成10元/单\r\n2，世界500强企业培训体系\r\n3，班表每周排定，如有特殊情况可以提前沟通调整\r\n4，同龄人众多，扩大自己的交友圈\r\n5，升迁发展：外送员→组长→督导→市场副经理→市场经理→城市负责人\r\n6，和谐有爱的团队    \r\n      联系电话：余经理', '长招', '每周至少5天', '肯德基(机场路店)', '广东广州白云机场路12号首层', '余经理');
INSERT INTO `worksheet` VALUES ('10', '保利世贸展兼职160', '海珠', '2018-03-25 14:06:27', '纯提成结算', '160.00', '天', '促销', '100', '不限', '要求男165以上，女157以上。要满18岁，没有犯罪记录，需要提前一次来琶洲附近办理入职具体报名后在通知。家具展会展兼职，大量要人。工作时间28到31号，中间可上可不上，有事可以请假，至少做第一天，也可以多上几天班。工作非常简单就维持下秩序，走走看看提醒各大参展商手机别乱放，早上8点30到下午5点30，包餐包水。110每天。另外可以早上8点30到晚上8点30。包2餐2水，160每天，可选择加班与不加班。工作地址琶洲国际会展中心。报名加吴经理微信18924325671。报名都能录取。', '短招', '2018-03-28至2018-03-31', '广州城城企业管理有限公司', '广东广州海珠琶洲', '吴经理');
INSERT INTO `worksheet` VALUES ('11', '促销试饮美女', '天河', '2018-03-25 14:09:04', '纯工资结算', '150.00', '天', '促销', '2', '女', '要求：女，160以上，五官靓丽优先，工作负责，有活力，不迟到。\r\n工作内容：把饮料倒到试饮杯给客人免费试饮，没有销售。\r\n服装要求：我们有配红色裙子，请自备黑色小跟的鞋子\r\n工作时间：9点-17点。\r\n工作日期：3月29日-30日（两天）\r\n有意者请加微信（名字+电话+年龄+身高+体重+一张全身照片）', '短招', '2018-03-29至2018-03-30', '广州市浩展文化传播有限公司', '广东广州天河华景路169号', '池先生');
INSERT INTO `worksheet` VALUES ('12', '高薪招募短视频拍手', '天河', '2018-03-25 14:11:11', '纯工资结算', '15.00', '次', '礼仪', '100', '不限', '“15秒，记录你的校园生活”一款全新的校园生活短视频平台—鹿刻即将上线，无论是有才华、高颜值还是搞笑逗比，甚至知识学霸，都欢迎你入驻鹿刻。\r\n\r\n我们会为优质的短视频拍手提供：\r\n1. 高价的视频奖金 — 1条10元~20元，每条15秒\r\n2. 稳定的流量资源曝光 — 广告位up！ 个人作品包装推荐全到位\r\n\r\n你将收获：\r\n1. 源源不断的粉丝 — 哪天成为网红也说不定\r\n2. 短视频制作经验 — 没准就靠这拿到offer\r\n3. 在鹿刻留下校园生活珍贵的记录 — 还有比回味当初更有滋味的事情吗？\r\n\r\n对你的要求是：\r\n如果你既不是高冷学霸，也不是完美的男神女神，既不会逗比搞笑，也没有一技之长，即使你像我一样，只是一只会喊666的咸鱼，没关系，只要你会举起你的手机，会留心校园生活中的美好，会轻点屏幕把视频上传到鹿刻，我们要找的就是你。（当然如果你真的只会喊666的话，可以把此条信息推荐给你的朋友…）\r\n\r\n*记得添加微信号：13138494001，报名并备注鹿刻拍手，我们会有专门的工作人员和你联系', '长招', '每周至少1天', '鹿刻短视频', '广东广州天河', '鹿刻');
INSERT INTO `worksheet` VALUES ('13', '科学仪器展会工作人员', '珠海', '2018-03-25 14:13:01', '纯工资结算', '120.00', '天', '礼仪', '4', '不限', '公司与产品介绍\r\n要求：1.有科学仪器知识背景，理工科优先。\r\n2.积极阳光主动，善于沟通。\r\n3.形象好，气质佳，男女生不限，优秀者可长期录用，应届毕业生优先。\r\n诚挚欢迎您的加入，有意者请发送照片加我微信158422659。谢谢您的配合！', '短招', '2018-03-28至2018-03-30', '艾诺宜', '广东广州天河保利会展中心', '魏小姐');
INSERT INTO `worksheet` VALUES ('14', '广州地铁行李安检员', '白云', '2018-03-25 14:14:49', '纯工资结算', '200.00', '天', '安保', '300', '不限', '招聘1、200元/天！招广州跟深圳轻松安检员500名！不挑人！每天安排入职', '短招', '2018-03-21至2018-04-27', '广州融信团队', '广东广州白云', '黄经理');
INSERT INTO `worksheet` VALUES ('15', '广州各地区轻松安检员', '海珠', '2018-03-25 14:16:25', '纯工资结算', '200.00', '天', '安保', '500', '不限', '200元/天，广州市区各地铁安检员500人\r\n\r\n非常感谢您选择广州地铁安检临时工\r\n\r\n面试请准备身份证原件，身份证复印件1张，一寸白底照片2张，电子版白底照片一份，带上行李，面试通过，当天入职安排宿舍！本招聘不收任何费用，务必带上行李，男女同学头发染色的不行，必须是黑色头发才能通过，有犯罪记录勿扰，吸毒史的勿扰，公司要求住宿舍，（不住宿可申请）不服从管理的，这几天不能上班的请不要浪费指标，把机会留给别人，\r\n另外：公主病，公子哥，混吃混喝，娇气的人浪费我很多指标和时间，请懂得自重\r\n要求：男，身高1.70以上，年满17-33周岁\r\n要求：女，身高1.60以上，年满17-33周岁\r\n要求：工作时间最少要做15天\r\n\r\n工资：100元/班次，可做两个班次！\r\n工资发放时间：每个月5号和20号发放银行卡发放上个月工资，做够10个班次可预支工资。\r\n班制：主要为早、晚班。\r\n工作时间：8小时\r\n上班时间：早班，早上7点到下午15点，晚班，下午15点到22点30\r\n主要工作：在地铁各出口进行安全检查工作。\r\n\r\n报名请加手机号微信，发姓名 电话', '短招', '2018-03-26至2018-04-30', '昊霖劳务派遣t团队', '广东广州海珠', '谭女士');
INSERT INTO `worksheet` VALUES ('16', '电话销售底薪 加提成兼职', '白云', '2018-03-25 14:17:59', '工资+提成结算', '100.00', '天', '销售', '50', '不限', '工作内容要求：\r\n①	上市公司，扎根广州20年，资源丰富，在售项目上百个，遍布广州、佛山、中山、肇庆、江门等地，主要工作：在写字楼办公，联系客户，接听电话，不需要外扩，派单，无需参与销售等。\r\n②年龄18~30周岁，工作时间着行政装，不得穿便服。\r\n③交通方便，办公整洁，独立办公桌。\r\n④工作时间：09:30~18:30（12:30~14:00吃饭午休时间）每月休息4天（可以自由安排）每月20号发工资。提成15%~40%＋3000元底薪（无责任）+宗数奖800元+现金奖1000元，多劳多得，上不封顶。\r\n⑤公司有冰箱、微波炉、茶水、兼职1个月到3个月，随时入职或者离职（无需任何费用）\r\n⑥咨询电话： 黄志然（微信同号）\r\n⑦工作地址：广州市白云区6号线横沙地铁站A出口对面', '长招', '每周至少6天', '广州合富置业', '广东广州白云横沙地铁站', '黄志然');
INSERT INTO `worksheet` VALUES ('17', '校园班服大使', '越秀', '2018-03-25 14:19:44', '纯工资结算', '300.00', '天', '销售', '10', '不限', '岗位要求：\r\n1、有良好的口头表达能力，人际关系良好；能吃苦耐劳\r\n2、有过社会兼职经验或校内社会实践、喜欢销售者优先考虑\r\n3、拥有积极心态及有创业意识者的优先考虑\r\n4、现任或曾担任学生会、社团、班级干部、校园勤工助学者优先考虑\r\n5、喜欢销售和勇于坚持、具有广泛人脉的学生干部优先考虑\r\n\r\n【产品范围】：班服、学生班服、系服、广告衫、活动衫、广告衫、社团服、促销服、工作服、毕业纪念服、个性T恤、聚会服、企业宣传服、团体服装、商务T恤、运动T恤、广告风衣、球服、礼品T恤等等，印花刺绣等。\r\n  广州爱杰森服装厂是专业一站式服饰类服务品牌：公司自己的工厂以互联网+的运营模式。更好的把控质量及更快的出货率！！\r\n【时间地点安排】：兼职/课余时间，不限制地点，自由安排，自己当老板。\r\n       工作内容：开发潜在客户→接单洽谈→确认方案→整理资料后下单，\r\n【待遇】：1，300元无责任底薪。\r\n2，每单/300-500元左右利润提成+实习证明（表现突出的话：将有额外奖金或邀请您加入到公司本部工作学习）', '长招', '每周至少2天', '广州市花都区花山爱杰森服装厂', '广东广州越秀', '郭小姐');
INSERT INTO `worksheet` VALUES ('18', '包吃住餐厅轻松临时工', '天河', '2018-03-25 14:21:20', '纯工资结算', '13.00', '小时', '服务员', '30', '不限', '连锁茶餐厅\r\n岗位职责：上菜，倒茶，招待客人，收台，服从工作安排。\r\n\r\n工作年龄：16到45岁 \r\n\r\n工作地点：连锁餐饮，各个分店如下，视情况安排。 \r\n\r\n越秀区 公园前 地铁B出口\r\n荔湾区 陈家祠 地铁C出口\r\n白云区 小北 地铁C出口\r\n海珠区 江南西 地铁A出口\r\n越秀区 农讲所 地铁C出口\r\n海珠区 昌岗     地铁站A出口\r\n\r\n 工作时间:8小时以上，具体班次安排到店入职安排  ，工资待遇：13元／小时，包吃包住，宿舍有空调，热水器，满7天可以预支200-300元工资，离职结清\r\n \r\n 最低要求做一个月以上，男女不限，飞机王，公主病请绕道，能吃苦耐劳，服从安排者来。\r\n\r\n 报名方式：可加微信，短信或致电。 唐先生 \r\n\r\n备注：来时带上身份证复印件和行李。\r\n\r\n(本次招聘不收任何费用，连锁茶餐厅直招.)', '短招', '2018-02-26至2018-03-31', '广州市迎天下酒店管理有限公司', '广东广州天河', '唐生');
INSERT INTO `worksheet` VALUES ('19', '高工资+免费接送富士康厂', '白云', '2018-03-25 14:24:17', '纯工资结算', '168.00', '天', '服务员', '300', '不限', '深圳富士康官方免费招聘男女普工，不收取任何介绍费用，请大家放心求职！！！\r\n此次招聘全部安排在深圳富士康最好的部门，主要负责生产苹果手机数码产品。\r\n【报名方式】编辑短信【姓名+性别+年龄+富士康+手机号码】发送到李经理手机即可，我收到报名信息会回复集合时间和地址，在广州的免费专车接送到厂区门口\r\n一，【招聘要求】\r\n男女不限，年龄18-45岁，身体健康，二代身份证要有磁性，无案底、无传染疾病、无明显纹身，以前在富士康辞职或自离的满两个月后可以再进。\r\n二，【工资待遇】\r\n底薪2220（加班按劳动法，平时加班19元/小时，周末加班25.5元/小时，法定节假日加班38元/小时，夜班补贴12元每天，工作满3个月考核一次，底薪升为2550元，加班费，岗位津贴，绩效奖，年终奖等，月均4800-6000元！\r\n三，【福利待遇】\r\n1、集团提供吃住，新员工入职提供400元饭卡，刷卡消费，不用拿现金，先吃后扣，厂内有员工宿舍及餐厅，可满足不同用餐需求\r\n2、员工享有国家法定假日(每年11天)、工伤假、婚假、产假、带薪年休假等假期。\r\n3、每年免费提供春、夏工衣各2套，免费为员工洗衣服。\r\n', '长招', '每周至少6天', '广佛好工作平台', '广东广州白云', '李先生');
INSERT INTO `worksheet` VALUES ('20', '国际会展中心招聘检票兼职', '海珠', '2018-03-25 14:26:05', '纯工资结算', '169.00', '天', '临时工', '150', '不限', '琶洲2018年家具展补招兼职检票安检维护秩序安全人员150人（包餐包水）\r\n\r\n 工作地点：海珠区阅江中路琶洲国际会展中心 。\r\n\r\n工作时间：早上8:30—晚上17:30， 中间会安排吃饭和轮岗休息时间！\r\n\r\n工作日期: 3月18-3月31号，其中18到21号第一期，28到31号第二期，可任选一期上班，其他为筹展期可上可不上。中途的确有事可请假或找人替班。会提前安排一天过来办理展会入场手续，报名后会有具体通知\r\n\r\n 要求：年满18～40周岁。身高：男：166以上。女：157以上。身体健康无犯罪记录。\r\n\r\n工作轻松打酱油增阅历长见识，免费参观国际大型展会，或维护一下展馆内展会秩序就行。\r\n\r\n薪酬待遇：基本工资110元/天，免费包餐包水（价值25元），\r\n加班按照16.34元/小时，加班三小时就160/天。\r\n\r\n可开具实习证明！欢迎广大的在校学生和社会人士组团报名参加。\r\n\r\n展会招聘，签署劳务合同，免费购买保险。安全有保障。\r\n\r\n统一在猫仔里面报名，录取后会统一有详细通知短信。', '短招', '2018-03-28至2018-03-31', '海珠会展信息招聘中心', '广东广州海珠阅江中路国际会展中心', '招聘主任');
INSERT INTO `worksheet` VALUES ('21', '舞蹈室派单员', '天河', '2018-03-25 14:27:54', '纯工资结算', '80.00', '天', '临时工', '8', '不限', '要求能吃苦耐劳，不能偷懒！\r\n工作内容舞蹈室周边派发传单（表现好的话可以全职，月薪4000以上）', '短招', '2018-03-16至2018-03-31', '广州市天河区棠下零尚舞蹈工作室', '广东广州天河荷光路154号', '吴先生');
INSERT INTO `worksheet` VALUES ('22', '各大校园班服合伙人', '花都', '2018-03-25 14:29:26', '纯提成结算', '500.00', '单', '校内', '20', '不限', '岗位要求：\r\n1、有良好的口头表达能力，人际关系良好；能吃苦耐劳\r\n2、有过社会兼职经验或校内社会实践、喜欢销售者优先考虑\r\n3、拥有积极心态及有创业意识者的优先考虑\r\n4、喜欢销售和勇于坚持、具有广泛人脉的学生干部优先考虑\r\n\r\n【产品范围】：班服、学生班服、系服、广告衫、活动衫、广告衫、社团服、促销服、工作服、毕业纪念服、个性T恤、聚会服、企业宣传服、团体服装、商务T恤、运动T恤、广告风衣、球服、礼品T恤等等，印花刺绣等。\r\n  广州爱杰森服装厂是专业一站式服饰类服务品牌：公司自己的工厂以互联网+的运营模式。更好的把控质量及更快的出货率！！\r\n【时间地点安排】：兼职/课余时间，不限制地点，自由安排，自己当老板。\r\n【期待有胜任此工作并且对此工作有很高热情或浓厚兴趣的同学咨询、加盟！】\r\n          工作内容：开发潜在客户→接单洽谈→确认方案→整理资料后下单，\r\n【待遇】1,300元无责任底薪。\r\n：2,每单/300-800左右利润提成+实习证明（表现突出的话：将有额外奖金或邀请您加入到公司本部工作学习）\r\n3,咨询热线：/微信同号', '长招', '每周至少1天', '广州市花都区花山爱杰森服装厂', '广东广州花都区各大校区', '郭小姐');
INSERT INTO `worksheet` VALUES ('23', '班级社团春游毕业游校园主管', '天河', '2018-03-25 14:31:07', '纯提成结算', '1500.00', '月', '校内', '15', '不限', '没有尝试的人生有太多遗憾，2018只为去更好的远方！！！\r\n广州康辉国旅直聘兼职旅行家，免费旅行还能赚钱，为迎接开学春游高峰，现招聘校园旅游主管多名，招聘对象，在校大学生，男女不限，性格开朗外向，免费培训，并且有机会免费踩点旅游,可提供实习证明。\r\n工作内容：在校内寻找有意愿去旅游的班级或个人，负责宣传推广销售旅游路线门票等等工作自由，无压力！\r\n工作时间：本兼职是校内兼职，长期有效，时间可自由分配安排\r\n工作待遇：责任底薪800+利润提成38%起\r\n工作福利：\r\n1、提供实习证明\r\n2、可免费旅游、免费培训\r\n3、工作优秀者可参加公司年终会议并参与抽奖\r\n公司地址：广州市天河区广园东路2191时代新世界中心南塔1307\r\n应聘联系杨经理微信13560054947：（备注学校 姓名 校园旅游代理）', '长招', '2018-01-24至2018-03-31', '广州友创文化传播有限公司', '广东广州天河', '杨鸿佳');
INSERT INTO `worksheet` VALUES ('24', '科建教育派单兼职', '越秀', '2018-03-25 14:33:17', '纯工资结算', '15.00', '小时', '派单', '8', '不限', '科建教育派单兼职招聘:\r\n招聘有派单经验的兼职，沟通表达能力好，工作积极主动。\r\n具体工作时间按实际派单时间计算，需要在工作时间的15-20分钟之前在本公司集合。\r\n（可联系长期合作，长期工作的工资另计并有更多奖金。）\r\n\r\n工作内容:在天河区学校门口及商场外派环保袋及简章。\r\n工资:15每小时\r\n奖金:收集有效信息3元1条,现场带客户到机构咨询5元每名。\r\n客户报名的话另外有80元奖金。\r\n工资支付方式:支付宝或微信转账。\r\n\r\n公司地点:广州天河区岗顶龙口西路88号 天龙商务大厦二楼\r\n电话:李主任\r\n\r\n有派单工作经验或者销售工作经验的优先安排。', '短招', '2018-03-25至2018-05-01', '广州科建教育咨询服务有限公司', '广东广州天河龙口西路88号天龙商务大厦二楼', '李主任');
INSERT INTO `worksheet` VALUES ('25', '大学生天河北地推', '天河', '2018-03-25 14:34:48', '工资+提成结算', '50.00', '天', '派单', '3', '不限', '在天河北/龙口东一带，想办法提高门店的知名度。\r\n\r\n目前主要是在指定地点派传单。\r\n\r\n工作3小时，09:00-12:00，50元保底，邀请一个客户到店再加10元/人次\r\n\r\n报名请简要说明工作经验', '长招', '每周至少3天', '广州乐育汇教育有限公司', '广东广州天河天河北路龙口东路', '徐先生');
INSERT INTO `worksheet` VALUES ('26', '课后作业辅导员', '海珠', '2018-03-25 14:36:57', '纯工资结算', '100.00', '天', '家教', '2', '女', '急招2名课后作业辅导员，上班时间周一至周五晚上5点一9点，周二是4点一9点，5天必须到，时薪20元每小时。要求熟悉广州市小学一至六年级语文，数学，英语三科教材，主要辅导他们写作业，评讲作业，辅导提高，有经验者优先录取。', '长招', '每周至少6天', '学无涯补习班', '广东广州海珠东二街2号', '梁老师');
INSERT INTO `worksheet` VALUES ('27', '公文式康王中路招助手老师', '荔湾', '2018-03-25 14:38:38', '纯工资结算', '90.00', '天', '家教', '5', '女', '（提醒：要至少能做星期一星期四星期六其中2天的才报名）\r\n主要工作职责\r\n1.负责批改学生作业\r\n2.指引学生和家长遵守中心学习流程，维护课堂纪律\r\n3.跟进学生堂课并记录相关情况\r\n4.协助中心老师布置课后作业\r\n任职要求\r\n1.在校大学生，热爱语数英，热爱孩子，有家教经验尤佳\r\n2.性格较外向，具有良好的沟通能力，有较强的服务意识\r\n3.认真，细致，耐心，不厌倦重复性工作\r\n4.工作时间：每周一14:00-19:30,周四14:00-19:30,周六上午8:00-13:00，寒暑假期间不受影响\r\n地址：康王中路家乐福后面三元坊小学对面蓝色招牌（公文式康王中路教育中心）\r\n地铁陈家祠C出口（出来后3分钟）\r\n公车康王中路站\r\n（微信同号）', '长招', '每周至少3天', '公文式康王中路教育中心', '广东广州荔湾', '陈老师');
INSERT INTO `worksheet` VALUES ('28', '广州益普索集团客服', '越秀', '2018-03-25 14:41:01', '纯工资结算', '15.00', '小时', '客服', '30', '不限', '【广州】益普索集团客服（需要面试）\r\n\r\n【内容】对客户产品进行售后回访，不推销产品，预计问卷10分钟左右\r\n\r\n【要求】年满16周岁，能工作一个月以上，每周排班24小时以上，善于沟通，普通话标准，有普通话证书优先录取\r\n\r\n【时间】每周排班24小时以上即可，可选任ABC班任一班次或者两个班次，A班:9:00-13:00，B班:13:00-18:00，C班:18:00-21:00\r\n\r\n【薪资】15元/小时，月结\r\n\r\n【地点】广州市越秀区光塔路183号樱花大厦（地铁：一号线西门口站A出口）\r\n\r\n【报名】加微信chenyiqing989，发送广州益普索集团客服+名字+电话+年龄+能开始工作的日期（报名通过后拉群）', '短招', '2018-03-01至2018-05-31', '喵星人-广州-09', '广东广州越秀光塔路183号樱花大厦', '陈小姐');
INSERT INTO `worksheet` VALUES ('29', '歪歪语音招客服人员', '番禺', '2018-03-25 14:42:44', '纯工资结算', '3600.00', '月', '客服', '200', '不限', 'yy客服【工作岗位职责】：\r\n1. 受理用户反馈的问题，并对问题进行眼进处理；\r\n2. 协调各部门反馈处理结果并与用户沟通；\r\n3. 能及时发现用户的需求及意见，并记录提报；\r\n 【任职要求】\r\n1. 男女不限，专业不限，大专及以上学历；中专学历，需二年工作经验，\r\n2. 熟悉计算机基本操作，熟练使用Excel、Word等办公软件；\r\n3. 普通话标准，口齿清晰，具有亲和力；\r\n4. 能承受较大的工作压力，适应早晚轮班的工作安排；\r\n5. 高度的工作责任心和强烈的客户服务意识；\r\n6. 有负责过BBS论坛、客户服务工作或GameMaster经验者优先', '短招', '2018-03-24至2018-04-27', '学则优团队', '广东广州番禺', '陈先生');
INSERT INTO `worksheet` VALUES ('30', '手机wifi兼职/在家可做/日结', '越秀', '2018-03-25 14:48:34', '纯工资结算', '285.00', '天', '其他', '999', '不限', '手机App试玩兼职：\r\n \r\n兼职猫官方认证平台，安全可靠，本公司承诺不收取任何费用！\r\n \r\n【报名方式】\r\n打开微信---点右上角（+）---添加朋友---公众号，然后输入wankengke818，搜索”玩丰客“！（务必选择“公众号”这一栏搜索，否则搜不到噢！）\r\n\r\n【工作内容】：\r\n工作内容非常简单，在应用商店中下载对应的手机app软件打开停留3-5分钟即可（如携程、去哪儿、爱奇艺、安居客等等），试玩之后软件就可以删除下载的软件，不占用内存。\r\n \r\n【工作要求】\r\n拥有苹果设备（iPhone或iPad）或安卓设备（手机或平板）,有WIFI环境，熟悉手机日常操作。', '短招', '2018-03-01至2018-03-31', '玩疯聚宝', '广东广州越秀全国随时可做', '吴先生');
INSERT INTO `worksheet` VALUES ('31', '可预支工资+上市企业有保障', '黄埔', '2018-03-25 14:50:28', '纯工资结算', '200.00', '天', '其他', '200', '男', '招聘企业：广州松下电子有限公司\r\n【工资待遇】\r\n临时工18块/小时，正式工2430底薪+加班费+补贴，每天180-216元。\r\n做满合同期的工资大概3800-4600元之间。免费包吃住。离职结清\r\n【招聘要求】\r\n1、男女不限、16-45周岁，持有本人有效身份证。\r\n2、临时工至少做15天\r\n【工作情况】\r\n全部坐着上班，工作轻松简单，无危险，每天工作10-12小时左右\r\n主要是做遥控器、手机配件的组装、包装、贴标签等简单轻松的工作\r\n【食宿安排】\r\n宿舍6-8人间，内有独立洗手间，24小时热水供应，每层楼有饮水机，有洗衣机，有空调WIFI', '短招', '2018-02-26至2018-03-31', '招聘部中心', '广东广州黄埔', '微信就是手机号');
SET FOREIGN_KEY_CHECKS=1;
